ID,Зареєстровано,Вулиця,Будинок,Уточнення,Тип питання,Тип підпитання,Аварійна ситуація,Виконавець,За видом,Пріоритет,Об'єкт,Характер робіт,Результат,Дата закриття,ID_str,str_name_new,x,y
328,01.10.2013 07:53,"Свердлова, вулиця",166,,Зливова каналізація,Інше,ні,ЖЕО,Заява,Чергова,Будівля житлова (багатоквартирна),Обстеження,Вирішено позитивно,01.10.2013 16:02,390,вулиця Князів Коріатовичів,28.4597411855455,49.22328656207561
329,01.10.2013 07:52,"Литвиненка, вулиця",42,,Санітарне очищення,Прибрати сходову клітку,ні,ЖЕО,Заява,Чергова,Будівля житлова (багатоквартирна),Недолік усунено,Вирішено позитивно,01.10.2013 12:57,448,вулиця М.Литвиненко-Вольгемут,28.4545269599448,49.2251249309451
330,01.10.2013 08:11,"Соборна, вулиця",81,,Каналізація,Течія мережі по стояку,ні,ЖЕО,Заява,Чергова,Будівля житлова (багатоквартирна),Прочищення трубопроводу,Вирішено позитивно,01.10.2013 12:43,749,вулиця Соборна,28.464040709012604,49.23362754747371
331,01.10.2013 08:16,"Червоноармійська, вулиця",16а,,Обслуговування ліфтів,Не працює ліфт,ні,Вінницяміськліфт,Скарга,Чергова,Будівля житлова (багатоквартирна),Проведено заміну обладнання,Вирішено позитивно,01.10.2013 15:32,768,вулиця Стрілецька,28.4874777701992,49.2469982583177
332,01.10.2013 08:17,"Келецька, вулиця",39,,Гаряче водопостачання,Низькі параметри гарячої води,ні,ЖЕО,Заява,Чергова,Будівля житлова (багатоквартирна),Інше,Взято до відома,01.10.2013 20:03,353,вулиця Келецька,28.437411429825698,49.2253019680789
333,01.10.2013 08:20,"Свердлова, вулиця",186,,Каналізація,Течія мережі по стояку,ні,ЖЕО,Заява,Чергова,Будівля житлова (багатоквартирна),Прочищення трубопроводу,Вирішено позитивно,01.10.2013 17:33,390,вулиця Князів Коріатовичів,28.4547273247117,49.221290532827304
334,01.10.2013 08:18,"Червоноармійська, вулиця",50,,Гаряче водопостачання,Інше,ні,ЖЕО,Заява,Чергова,Будівля житлова (багатоквартирна),Проведено зварювальні роботи,Вирішено позитивно,01.10.2013 13:34,768,вулиця Стрілецька,28.496175414614,49.2479165607012
335,01.10.2013 08:24,"Стельмаха, вулиця",35,,Гаряче водопостачання,Відсутня вода по стояку,ні,ЖЕК-12,Скарга,Чергова,Будівля житлова (багатоквартирна),Інше,Вирішено позитивно,01.10.2013 14:18,761,вулиця Стельмаха,28.3943656115431,49.2322189904301
336,01.10.2013 08:20,"Цегельний, провулок",3,,Санітарне очищення,Не прибирається прибудинкова територія,ні,ЖЕО,Заява,Чергова,Будівля житлова (багатоквартирна),Недолік усунено,Вирішено позитивно,01.10.2013 12:51,861,провулок Цегельний,28.4625728860426,49.2379509804232
337,01.10.2013 08:23,"Константиновича, вулиця",46,,Освітлення,Відновити освітлення сходової клітини,ні,ЖЕО,Скарга,Чергова,Будівля житлова (багатоквартирна),Проведено ремонтні роботи,Вирішено позитивно,01.10.2013 12:14,382,вулиця Константиновича,28.438968229516806,49.231130235079895
338,01.10.2013 08:26,"Стельмаха, вулиця",35,,Санітарне очищення,Прибрати сходову клітку,ні,ЖЕК-12,Скарга,Чергова,Будівля житлова (багатоквартирна),Недолік усунено,Вирішено позитивно,01.10.2013 15:32,761,вулиця Стельмаха,28.3943656115431,49.2322189904301
339,01.10.2013 08:25,"Литвиненка, вулиця",19,,Теплопостачання,Відсутнє опалення по стояку,ні,ЖЕО,Заява,Чергова,Будівля житлова (багатоквартирна),Проведено налагоджувальні роботи,Вирішено позитивно,01.10.2013 14:25,448,вулиця М.Литвиненко-Вольгемут,28.454743304171906,49.2262272648673
340,01.10.2013 08:25,"Квятека, вулиця",2,,Електропостачання,Відсутня електроенергія в будинку,ні,ЖЕК-12,Заява,Термінова,"КЛ 0,4 кВ",Проведено ремонтні роботи,Вирішено позитивно,01.10.2013 12:12,104,вулиця М.Ващука,28.3995876515533,49.2330838234041
341,01.10.2013 08:28,"Юності, проспект",17,,Каналізація,Засмічення внутрішньобудинкової мережі,ні,ЖЕК-6,Заява,Чергова,Будівля житлова (багатоквартирна),Прочищення трубопроводу,Вирішено позитивно,01.10.2013 11:15,932,проспект Юності,28.4156173293782,49.2311984489131
342,01.10.2013 08:35,"Келецька, вулиця",103,,Теплопостачання,Течія мережі в підвальному приміщенні,ні,ЖЕК-12,Заява,Чергова,Будівля житлова (багатоквартирна),Інше,Вирішено позитивно,02.10.2013 08:21,353,вулиця Келецька,28.405393631772,49.226405369758396
343,01.10.2013 08:37,"Острозького, вулиця",25,,Теплопостачання,Течія мережі в підвальному приміщенні,ні,ЖЕК-5,Заява,Термінова,Будівля житлова (багатоквартирна),Проведено зварювальні роботи,Вирішено позитивно,01.10.2013 13:54,607,вулиця Острозького,28.499291860347,49.2410557358271
344,01.10.2013 08:47,"Бевза, вулиця",36,,Гаряче водопостачання,Течія мережі по стояку,ні,ЖЕО,Заява,Чергова,Будівля житлова (багатоквартирна),Інше,Вирішено позитивно,01.10.2013 16:57,59,вулиця Бевза,28.4864037698934,49.237224027658385
345,01.10.2013 08:40,"Юності, проспект",12,,Освітлення,Відновити освітлення сходової клітини,ні,ЖЕК-6,Заява,Чергова,Будівля житлова (багатоквартирна),Інше,Вирішено позитивно,01.10.2013 11:10,932,проспект Юності,28.4122529448422,49.2287939935142
346,01.10.2013 08:44,"Чайковського, вулиця",22,,Електропостачання,Відсутня електроенергія в квартирі,ні,ЖЕК-15,Заява,Чергова,Будівля житлова (багатоквартирна),Проведено ремонтні роботи,Вирішено позитивно,01.10.2013 08:55,871,вулиця Чайковського,28.4738274915801,49.2505249482885
347,01.10.2013 08:45,"Фрунзе, вулиця",33,,Теплопостачання,Течія мережі на вводі в будинок,ні,ЖЕК-5,Заява,Термінова,Будівля житлова (багатоквартирна),Заміна набивки сальників,Вирішено позитивно,01.10.2013 11:46,37,вулиця Академіка Янгеля,28.4944225046498,49.245646138075706
348,01.10.2013 08:33,"Космонавтів, проспект",62,,Розрахунки за спожиті послуги,Перевірити правильність надання субсидій з водовідведення,ні,ЦМСУ,Заява,Чергова,,Заявнику надані вичерпні роз’яснення,Надано роз'яснення,09.10.2013 12:51,399,проспект Космонавтів,28.418404981868,49.2216500389622
349,01.10.2013 09:05,"Фрунзе, вулиця",15,,Електропостачання,Відсутнє електропостачання сходової клітини,ні,ЖЕК-5,Заява,Першочергова,Будівля житлова (багатоквартирна),Недолік усунено,Вирішено позитивно,01.10.2013 11:08,37,вулиця Академіка Янгеля,28.498778790353107,49.245945545268405
350,01.10.2013 08:54,"Кішки матроса, вулиця",59,,Гаряче водопостачання,Течія мережі в підвальному приміщенні,ні,ЖЕО,Заява,Першочергова,Будівля житлова (багатоквартирна),Встановлено хомут,Вирішено позитивно,01.10.2013 13:08,491,вулиця Матроса Кішки,28.455465023392897,49.2234699911269
351,01.10.2013 09:03,"600-річчя, вулиця",30,,Каналізація,Засмічення внутрішньобудинкової мережі,ні,ЖЕК-6,Заява,Чергова,Будівля житлова (багатоквартирна),Прочищення трубопроводу,Вирішено позитивно,01.10.2013 11:07,5,вулиця 600-річчя,28.4244352141479,49.2303870996922
352,01.10.2013 08:43,"Петровського, вулиця",13,,Зв'язок,Не працює радіо,ні,Укртелеком,Заява,Чергова,,,Вирішено позитивно,11.10.2013 11:38,294,вулиця Замкова,28.4740417592024,49.225594156531
353,01.10.2013 09:09,"Пирогова, вулиця",6,,Теплопостачання,Підтоплення кабельної комунікації,ні,ЖЕО,Заява,Першочергова,Будівля житлова (багатоквартирна),Замінено ділянку трубопроводу,Вирішено позитивно,01.10.2013 18:57,625,вулиця Пирогова,28.455622301578803,49.2317978510678
354,01.10.2013 09:12,"50-річчя Перемоги, вулиця",4,,Каналізація,Засмічення внутрішньобудинкової мережі,ні,ЖЕО,Заява,Першочергова,Будівля житлова (багатоквартирна),Інше,Вирішено позитивно,01.10.2013 17:29,297,вулиця Замостянська,28.492429031504802,49.2476962560727
355,01.10.2013 09:14,"Порика Василя, вулиця",4,,Теплопостачання,Течія мережі в квартирі,ні,ЖЕК-6,Заява,Термінова,Будівля житлова (багатоквартирна),Обстеження. Інформація не підтвердилась,Вирішено позитивно,01.10.2013 10:59,648,вулиця В.Порика,28.423716596803693,49.23008587109339
356,01.10.2013 09:14,"Гоголя, вулиця",5,,Гаряче водопостачання,Низькі параметри гарячої води,ні,ЖЕО,Заява,Чергова,Будівля житлова (багатоквартирна),Інформацію взято до уваги,Вирішено позитивно,01.10.2013 14:41,200,вулиця Гоголя,28.4584988162942,49.231719349657496
357,01.10.2013 09:05,"Порика Василя, вулиця",45,,Холодне водопостачання,Течія зовнішньої мережі,ні,Водоканал,Заява,Першочергова,100 мм,Встановлено хомут,Вирішено позитивно,01.10.2013 14:36,648,вулиця В.Порика,28.402517005327702,49.2313602343053
358,01.10.2013 09:16,"Пирогова, вулиця",47,,Освітлення,Відновити освітлення прибудинкової території,ні,Міськсвітло,Заява,Чергова,ні,Інше,Вирішено позитивно,03.10.2013 15:24,625,вулиця Пирогова,28.44887243888289,49.2268019381279
359,01.10.2013 09:20,"Литвиненка, вулиця",24,,Гаряче водопостачання,Низькі параметри гарячої води,ні,ЖЕО,Заява,Чергова,Будівля житлова (багатоквартирна),Інше,Вирішено позитивно,01.10.2013 13:04,448,вулиця М.Литвиненко-Вольгемут,28.4504870130792,49.226362465356
360,01.10.2013 09:22,"Київська, вулиця",12,,Холодне водопостачання,Відключення води для виконання робіт підприємством,ні,ЖЕО,Заява,Чергова,Будівля житлова (багатоквартирна),Замінено ділянку трубопроводу,Вирішено позитивно,01.10.2013 15:27,357,вулиця Київська,28.4821451198553,49.23714302519589
361,01.10.2013 09:24,"Кона Ф., вулиця",18,,Каналізація,Течія мережі в підвальному приміщенні,ні,ЖЕО,Заява,Чергова,Будівля житлова (багатоквартирна),Інше,Вирішено позитивно,01.10.2013 16:32,511,вулиця І.Миколайчука,28.4415458831975,49.2276666684491
362,01.10.2013 09:23,"Соборна, вулиця",46,,Каналізація,Інше,ні,ЖЕО,Заява,Чергова,Будівля житлова (багатоквартирна),Обстеження. Інформація не підтвердилась,Вирішено позитивно,01.10.2013 15:57,749,вулиця Соборна,28.469545245562703,49.2331196547924
363,01.10.2013 09:26,"Червоноармійська, вулиця",4,,Конструктивні елементи будинку,Інше,ні,ЖЕО,Заява,Чергова,Будівля житлова (багатоквартирна),Інше,Вирішено позитивно,01.10.2013 17:58,768,вулиця Стрілецька,28.4798188112463,49.2437383044168
364,01.10.2013 09:30,"Першотравнева, вулиця",78,,Гаряче водопостачання,Низькі параметри гарячої води,ні,ЖЕО,Заява,Чергова,Будівля житлова (багатоквартирна),Інформацію взято до уваги,Вирішено позитивно,01.10.2013 15:39,470,вулиця Магістратська,28.4658926145597,49.237214604352204
365,01.10.2013 09:34,"Маркса Карла, провулок",48а,,Благоустрій,Невпорядкована розкопка,ні,ВМТЕ,Заява,Чергова,ні,Інше,Взято до відома,01.10.2013 13:22,42,вулиця О.Антонова,28.5291124682192,49.23497326101421
366,01.10.2013 09:39,"50-річчя Перемоги, вулиця",11,,Теплопостачання,Течія мережі в підвальному приміщенні,ні,ЖЕК-5,Заява,Першочергова,Будівля житлова (багатоквартирна),Виконання робіт до . . . . .,Вирішено позитивно,02.10.2013 13:35,297,вулиця Замостянська,28.4935907526469,49.244141525036795
367,01.10.2013 09:42,"Червоноармійська, вулиця",93,,Електропостачання,Відсутня електроенергія в квартирі,ні,ЖЕО,Скарга,Чергова,,Інше,Надано роз'яснення,01.10.2013 13:15,768,вулиця Стрілецька,28.497984416176802,49.2502566395812
368,01.10.2013 09:33,"Баженова, вулиця",32,,Розрахунки за спожиті послуги,Перевірити застосування тарифів з водовідведення,ні,ЦМСУ,Заява,Чергова,,,Надано роз'яснення,09.10.2013 12:50,53,вулиця Баженова,28.533883110588107,49.2468949474101
369,01.10.2013 09:46,"Павлова Академіка, вулиця",33,,Електропостачання,Провисання кабельної лінії,ні,МЕМ,Заява,Чергова,"ПЛ 0,4 кВ",,Вирішено позитивно,08.10.2013 17:20,35,вулиця Академіка Павлова,28.4350978496799,49.2173142790042
370,01.10.2013 09:44,"Заболотного, вулиця",31,,Гаряче водопостачання,Течія мережі в підвальному приміщенні,ні,ЖЕО,Заява,Першочергова,Будівля житлова (багатоквартирна),Встановлено хомут,Вирішено позитивно,01.10.2013 12:02,288,вулиця Заболотного,28.43619379736549,49.2218246636816
371,01.10.2013 09:46,"Театральна, вулиця",2,,Теплопостачання,Течія мережі в квартирі,ні,ЖЕО,Заява,Чергова,Будівля житлова (багатоквартирна),Інше,Вирішено позитивно,01.10.2013 17:17,784,вулиця Театральна,28.464977435200602,49.23763775032622
372,01.10.2013 09:47,"Пушкіна, вулиця",4,,Озеленення (дерева та ін.),Термінове видалення дерева,ні,ДКГ та Б,Заява,Першочергова,,,Дано роз'яснення заявнику,11.11.2013 17:26,673,вулиця Пушкіна,28.4670902672753,49.2324656162705
373,01.10.2013 09:51,"Нахімова, вулиця",34,,Освітлення,Відновити освітлення по вулиці,ні,Міськсвітло,Заява,Чергова,ні,Заміна лампи,Вирішено позитивно,02.10.2013 16:29,564,вулиця Нахімова,28.4769354,49.213547999999996
374,01.10.2013 09:50,"Короленка, вулиця",35,,Каналізація,Засмічення зовнішньої мережі,ні,Водоканал,Заява,Термінова,100 мм,Прочищення трубопроводу,Вирішено позитивно,01.10.2013 14:40,392,вулиця Короленка,28.4950765710055,49.237329294956105
375,01.10.2013 09:49,"Келецька, вулиця",105,,Теплопостачання,Інше,ні,ЖЕК-12,Заява,Термінова (послуга відсутня),Будівля житлова (багатоквартирна),Встановлено хомут,Вирішено позитивно,01.10.2013 12:15,353,вулиця Келецька,28.4038448561433,49.2266959437601
376,01.10.2013 09:49,"Космонавтів, проспект",42,,Гаряче водопостачання,Зупинка ЦТП,ні,ВМТЕ,Заява,Термінова,"ВМТЕ, ЦТП Космонавтiв, проспект, № 54, 42, р. 6/1",Проведено ремонт теплової камери,Вирішено позитивно,01.10.2013 11:25,399,проспект Космонавтів,28.4195032234315,49.2231003222439
377,01.10.2013 09:52,"Стеценка, вулиця",24,,Теплопостачання,Течія мережі в підвальному приміщенні,ні,ЖЕК-5,Пропозиція,Чергова,Будівля житлова (багатоквартирна),Обстеження,Взято до відома,01.10.2013 10:53,765,вулиця Стеценка,28.4947242789804,49.244143805209504
378,01.10.2013 10:00,"Червоноармійська, вулиця",3,,Зливова каналізація,Течія мережі водовідведення,ні,ЖЕО,Заява,Чергова,Будівля житлова (багатоквартирна),Інше,Вирішено позитивно,01.10.2013 19:01,768,вулиця Стрілецька,28.480695396635298,49.2450706394839
379,01.10.2013 09:59,"Кона Ф., вулиця",18,,Холодне водопостачання,Затоплення квартири з верхнього поверху,ні,ЖЕО,Заява,Чергова,Будівля житлова (багатоквартирна),Недолік усунено,Вирішено позитивно,01.10.2013 12:57,511,вулиця І.Миколайчука,28.4415458831975,49.2276666684491
380,01.10.2013 10:03,"Зодчих, вулиця",16,,Електропостачання,Відсутня електроенергія в квартирі,ні,Уют,Заява,Чергова,,,Вирішено позитивно,04.10.2013 14:31,316,вулиця Зодчих,28.444447870685398,49.2191935700034
381,01.10.2013 10:03,"Пирогова, вулиця",23,,Холодне водопостачання,Відсутня вода по стояку,ні,ЖЕО,Заява,Чергова,Будівля житлова (багатоквартирна),Інше,Надано роз'яснення,01.10.2013 20:26,625,вулиця Пирогова,28.454318488733698,49.229940830493604
382,01.10.2013 10:02,"Чайковського, вулиця",15,,Гаряче водопостачання,Зупинка ЦТП,ні,ВМТЕ,Заява,Термінова,"ВМТЕ, ЦТП Чайковського, вулиця, № 15А",Проведено зварювальні роботи,Вирішено позитивно,01.10.2013 12:42,871,вулиця Чайковського,28.4739907842942,49.249686984277886
383,01.10.2013 09:38,"Нечуя-Левицького, вулиця",12,,Каналізація,Течія мережі в підвальному приміщенні,ні,ЖЕК-15,Заява,Чергова,Будівля житлова (багатоквартирна),Прочищення трубопроводу,Вирішено позитивно,01.10.2013 11:01,583,вулиця Нечуя-Левицького,28.4840348022565,49.2524258294779
384,01.10.2013 10:09,"Свердлова, вулиця",168,особисто,Розрахунки за спожиті послуги,Відсутній єдиний рахунок,ні,ЦМСУ,Заява,Чергова,,Інформацію взято до уваги,Вирішено позитивно,09.10.2013 12:48,390,вулиця Князів Коріатовичів,28.458503741817694,49.2226982268237
385,01.10.2013 10:18,"Свердлова, вулиця",135,,Каналізація,Течія мережі по стояку,ні,ЖЕО,Заява,Чергова,Будівля житлова (багатоквартирна),Недолік усунено,Вирішено позитивно,01.10.2013 14:33,390,вулиця Князів Коріатовичів,28.461255895350103,49.2242777113365
386,01.10.2013 10:23,"Тімірязєва, вулиця",33,,Конструктивні елементи будинку,Протікання покрівлі,ні,ЖЕК-5,Заява,Чергова,Будівля житлова (багатоквартирна),Виконання робіт до . . . . .,Взято до відома,01.10.2013 14:01,791,вулиця Тімірязєва,28.4987967453857,49.2402940562578
387,01.10.2013 10:22,"Шевченка, вулиця",7,,Гаряче водопостачання,Низькі параметри гарячої води,ні,ЖЕО,Заява,Чергова,Будівля житлова (багатоквартирна),Виконання робіт до . . . . .,Надано роз'яснення,01.10.2013 12:48,906,вулиця Т.Шевченка,28.4382740523917,49.23019254934459
388,01.10.2013 10:21,"Маркса Карла, вулиця",10,,Теплопостачання,Підтоплення підвального приміщення будинку,ні,Бокуд,Скарга,Першочергова,Будівля житлова (багатоквартирна),Заявнику надані вичерпні роз’яснення,Надано роз'яснення,01.10.2013 13:49,913,вулиця М.Шимка,28.526266883937502,49.2467974405091
389,01.10.2013 10:26,"Бучми, вулиця",,,Транспортна система,Внесення змін до маршруту (продовження та ін.),ні,ВТК,Пропозиція,Чергова,"Автобус, в режимі маршрутного таксі",Інше,Надано роз'яснення,01.10.2013 11:20,98,вулиця Бучми,,
390,01.10.2013 10:28,"Дачна, вулиця",3,,Гаряче водопостачання,Відсутня вода по стояку,ні,ЖЕО,Скарга,Першочергова,Будівля житлова (багатоквартирна),Інше,Вирішено позитивно,01.10.2013 14:54,238,вулиця Дачна,28.4386810843612,49.220307218697606
391,01.10.2013 10:37,"Кона Ф., вулиця",11,,Гаряче водопостачання,Відсутня вода по стояку,ні,ЖЕО,Заява,Чергова,Будівля житлова (багатоквартирна),Інше,Вирішено позитивно,01.10.2013 13:12,511,вулиця І.Миколайчука,28.44005417314149,49.2312653209527
392,01.10.2013 10:39,"Свердлова, вулиця",155,,Конструктивні елементи будинку,Протікання покрівлі,ні,ЖЕО,Заява,Чергова,Будівля житлова (багатоквартирна),Виконання робіт до . . . . .,Надано роз'яснення,01.10.2013 12:19,390,вулиця Князів Коріатовичів,28.458821688435698,49.2219878628907
393,01.10.2013 10:40,"Ватутіна, вулиця",56,,Холодне водопостачання,Відключення води для виконання робіт підприємством,ні,Бокуд,Заява,Чергова,Будівля житлова (багатоквартирна),Замінено ділянку трубопроводу,Вирішено позитивно,01.10.2013 15:11,102,вулиця Ватутіна,28.541840635036397,49.248514323861706
394,01.10.2013 10:18,"50-річчя Перемоги, вулиця",,,Діяльність підприємств сфери послуг,Інше,ні,ДАП,Скарга,Чергова,ні,ні,Надано роз'яснення,01.10.2013 10:43,297,вулиця Замостянська,,
395,01.10.2013 10:42,"Гладкова, вулиця",12,,Теплопостачання,Течія зовнішньої мережі,ні,ВМТЕ,Скарга,Першочергова,"108 мм, трубопровід сталевий в мінераловатній ізоляції",Проведено зварювальні роботи,Вирішено позитивно,01.10.2013 14:54,187,вулиця Гладкова,28.518569754545396,49.224588975322284
396,01.10.2013 10:46,"Юності, проспект",36,,Конструктивні елементи будинку,Протікання покрівлі,ні,ЖЕК-12,Скарга,Чергова,Будівля житлова (багатоквартирна),Проведено ремонтні роботи,Вирішено позитивно,01.10.2013 15:38,932,проспект Юності,28.4078447113065,49.2224989140866
397,01.10.2013 10:47,"Збишка, вулиця",15,,Озеленення (дерева та ін.),Інше,ні,ДЖГ,Скарга,Першочергова,ні,ні,Дано роз'яснення заявнику,13.11.2013 16:22,473,вулиця Д.Майбороди,28.438970088422998,49.2325844616175
398,01.10.2013 10:59,"Першотравнева, вулиця",80,,Гаряче водопостачання,Низькі параметри гарячої води,ні,ВМТЕ,Скарга,Першочергова,"ВМТЕ, ЦТП Гоголя, вулиця, № 6А",Інше,Вирішено позитивно,01.10.2013 19:25,470,вулиця Магістратська,28.46503386397369,49.237107242317705
399,01.10.2013 11:01,"Кона Ф., вулиця",11,,Гаряче водопостачання,Відсутня вода по стояку,ні,ЖЕО,Скарга,Першочергова,Будівля житлова (багатоквартирна),Інше,Вирішено позитивно,01.10.2013 13:14,511,вулиця І.Миколайчука,28.44005417314149,49.2312653209527
400,01.10.2013 10:58,"Ватутіна, вулиця",56,,Гаряче водопостачання,Відключення води для виконання робіт підприємством,ні,Бокуд,Заява,Першочергова,Будівля житлова (багатоквартирна),Замінено ділянку трубопроводу,Вирішено позитивно,01.10.2013 12:47,102,вулиця Ватутіна,28.541840635036397,49.248514323861706
401,01.10.2013 11:04,"Ватутіна, вулиця",54,,Гаряче водопостачання,Течія мережі в квартирі,ні,Бокуд,Заява,Термінова,Будівля житлова (багатоквартирна),Проведено зварювальні роботи,Вирішено позитивно,01.10.2013 13:36,102,вулиця Ватутіна,28.5410032705359,49.2488910043641
402,01.10.2013 10:59,"Кона Ф., вулиця",19,,Теплопостачання,Течія мережі по стояку,ні,ЖЕО,Заява,Термінова,Будівля житлова (багатоквартирна),Інше,Вирішено позитивно,01.10.2013 13:15,511,вулиця І.Миколайчука,28.4415458831975,49.2276666684491
403,01.10.2013 11:08,"600-річчя, вулиця",58,,Холодне водопостачання,Течія зовнішньої мережі,ні,Водоканал,Заява,Чергова,100 мм,Недолік усунено,Вирішено позитивно,01.10.2013 13:18,5,вулиця 600-річчя,28.4256516134056,49.2256560687016
404,01.10.2013 11:07,"Скалецького Р., вулиця",41,,Холодне водопостачання,Відсутня вода в будинку,ні,ЖЕО,Заява,Чергова,Будівля житлова (багатоквартирна),Інше,Вирішено позитивно,01.10.2013 13:18,740,вулиця Р.Скалецького,28.4506460645131,49.22191470642471
405,01.10.2013 11:21,"Келецька, вулиця",39,,Гаряче водопостачання,Течія мережі в підвальному приміщенні,ні,ЖЕО,Заява,Першочергова,Будівля житлова (багатоквартирна),Встановлено хомут,Вирішено позитивно,01.10.2013 17:05,353,вулиця Келецька,28.437411429825698,49.2253019680789
406,01.10.2013 11:23,"Тарногродського, вулиця",,На розі вул. Тарногродського - Липовецька (на з/з),Благоустрій,Розкопка для виконання аварійних робіт,ні,АТЦ,Заява,Чергова,,,Вирішено позитивно,16.10.2013 17:51,319,вулиця С.Зулінського,,
407,01.10.2013 11:16,"Порика Василя, вулиця",6,,Теплопостачання,Течія мережі в підвальному приміщенні,ні,ЖЕК-6,Заява,Чергова,Будівля житлова (багатоквартирна),Заміна набивки сальників,Вирішено позитивно,01.10.2013 14:18,648,вулиця В.Порика,28.423636807887398,49.2296033997342
408,01.10.2013 11:31,"Маркса Карла, провулок",48,,Конструктивні елементи будинку,Інше,ні,Бокуд,Заява,Чергова,ні,ні,Вирішено позитивно,01.10.2013 15:40,42,вулиця О.Антонова,28.527976015876398,49.2350673897499
409,01.10.2013 11:12,"50-річчя Перемоги, вулиця",12,,Озеленення (дерева та ін.),Інше,ні,ДКГ та Б,Скарга,Першочергова,ні,,Надано роз'яснення,13.10.2013 18:54,297,вулиця Замостянська,28.492471555984203,49.2457501732553
410,01.10.2013 11:36,"Ратушної Л., вулиця",77,,Гаряче водопостачання,Відсутня вода по стояку,ні,ЖЕО,Заява,Чергова,Будівля житлова (багатоквартирна),Інше,Вирішено позитивно,01.10.2013 12:19,679,вулиця Л.Ратушної,28.4344026141892,49.22432834471721
411,01.10.2013 11:41,"Стахурського, вулиця",64,,Електропостачання,Відсутня електроенергія в квартирі,ні,ЖЕК-12,Заява,Чергова,ні,Проведено ремонтні роботи,Вирішено позитивно,01.10.2013 13:19,47,вулиця Андрія Первозванного,28.4009591247756,49.2235998221618
412,01.10.2013 11:37,"Лисенка, вулиця",8,,Санітарне очищення,Не прибирається прибудинкова територія,ні,ЖЕО,Скарга,Чергова,Будівля житлова (багатоквартирна),Недолік усунено,Вирішено позитивно,01.10.2013 12:30,446,вулиця Лисенка,28.4858740290189,49.2388473995302
413,01.10.2013 11:38,"Затишна, вулиця",,,Транспортна система,Зупинка руху,ні,ВТК,Заява,Термінова,Трамвай,Несправність усунено,Вирішено позитивно,01.10.2013 11:46,256,вулиця Драй-Хмари,,
414,01.10.2013 11:37,"Володарського, вулиця",35,,Гаряче водопостачання,Затоплення оглядового колодязя ,ні,ВМТЕ,Скарга,Першочергова,Будівля житлова (багатоквартирна),Проведено зварювальні роботи,Вирішено позитивно,01.10.2013 13:14,533,вулиця Монастирська,28.472052486954198,49.2306270737583
415,01.10.2013 11:47,"Дачна, вулиця",9,,Каналізація,Течія мережі в підвальному приміщенні,ні,ЖЕО,Скарга,Чергова,Будівля житлова (багатоквартирна),Недолік усунено,Вирішено позитивно,01.10.2013 14:18,238,вулиця Дачна,28.4351868949895,49.2216508584157
416,01.10.2013 11:54,"Кішки матроса, вулиця",59,,Гаряче водопостачання,Течія мережі в підвальному приміщенні,ні,ЖЕО,Заява,Першочергова,Будівля житлова (багатоквартирна),Встановлено хомут,Вирішено позитивно,01.10.2013 12:52,491,вулиця Матроса Кішки,28.455465023392897,49.2234699911269
417,01.10.2013 11:51,"Ратушної Л., вулиця",20,,Гаряче водопостачання,Низькі параметри гарячої води,ні,ЖЕО,Заява,Чергова,Будівля житлова (багатоквартирна),Інше,Вирішено позитивно,01.10.2013 16:11,679,вулиця Л.Ратушної,28.4332095054548,49.2319157528277
418,01.10.2013 11:53,"Келецька, вулиця",84,магазин,Електропостачання,Відсутня електроенергія в будинку,ні,ЖЕК-6,Скарга,Термінова,ні,Проведено ремонтні роботи,Вирішено позитивно,01.10.2013 13:48,353,вулиця Келецька,28.4096896236696,49.22664191727621
419,01.10.2013 11:56,"Стеценка, вулиця",5,,Обслуговування ліфтів,Робота кнопки виклику ліфта,ні,Вінницяміськліфт,Заява,Чергова,Будівля житлова (багатоквартирна),Обстеження. Інформація не підтвердилась,Вирішено позитивно,01.10.2013 15:27,765,вулиця Стеценка,28.498482520156397,49.243498763630285
420,01.10.2013 12:00,"Маркса Карла, провулок",50,звернення з онлайн чату,Конструктивні елементи будинку,Протікання покрівлі,ні,Бокуд,Скарга,Чергова,Будівля житлова (багатоквартирна),Виконання робіт до . . . . .,Взято до відома,01.10.2013 13:13,42,вулиця О.Антонова,28.5272434567726,49.2333781312181
421,01.10.2013 12:06,"Пирогова, вулиця",85,старший по будинку,Теплопостачання,Течія мережі в підвальному приміщенні,ні,ЖЕО,Заява,Першочергова,Будівля житлова (багатоквартирна),Встановлено хомут,Вирішено позитивно,01.10.2013 18:17,625,вулиця Пирогова,28.4416449195618,49.221072838155784
422,01.10.2013 12:08,"Чайковського, вулиця",13,,Гаряче водопостачання,Низькі параметри гарячої води,ні,ЖЕК-15,Скарга,Першочергова,"ВМТЕ, котельня Паризької Комуни, вулиця, № 18",Інформацію взято до уваги,Вирішено позитивно,01.10.2013 13:30,871,вулиця Чайковського,28.472651162366,49.2488762765911
423,01.10.2013 12:12,"Сусідський, провулок",2,,Каналізація,Течія зовнішньої мережі,ні,Водоканал,Заява,Першочергова,100 мм,Прочищення трубопроводу,Вирішено позитивно,01.10.2013 17:38,775,провулок Сусідський,28.4533797365368,49.2049272009503
424,01.10.2013 12:14,"Заболотного, вулиця",5,,Газопостачання,Припинення газопостачання,ні,104,Заява,Чергова,Будівля житлова (багатокв.),,Вирішено позитивно,04.10.2013 15:52,288,вулиця Заболотного,28.440301081532606,49.2224570061125
425,01.10.2013 12:04,"50-річчя Перемоги, вулиця",,,Екстрена медична допомога,"Отруєння (алкоголь, лікарські засоби та ін.)",ні,103,Заява,Першочергова,Вулиця,"Доставлено в обласну клінічну лікарню ім. М.І. Пирогова, вул. Пирогова, 46",Вирішено позитивно,01.10.2013 12:20,297,вулиця Замостянська,,
426,01.10.2013 12:16,"Свердлова, вулиця",,,Холодне водопостачання,Течія зовнішньої мережі,ні,Водоканал,Заява,Першочергова,Інше,Інше,Вирішено позитивно,01.10.2013 13:31,390,вулиця Князів Коріатовичів,,
427,01.10.2013 12:20,"Володарського, вулиця",10,,Гаряче водопостачання,Витікання з оглядового колодязя,ні,ВМТЕ,Заява,Першочергова,"219 мм, трубопровід сталевий в мінераловатній ізоляції",Проведено зварювальні роботи,Вирішено позитивно,01.10.2013 14:49,533,вулиця Монастирська,28.473237703983397,49.2317672386716
